addr,first_tx,funder,funder_date,fund_eth,ntx_first25,cotoken_linked
0x18f9ea49ed0f7ac72ba74d6c1d20954231c3f451,2018-08-07,0x4ce9f39d3a0426d8d1f2ad4fcff0b92e86b9b914,2018-08-07,0.205,9,False
0x1cf59dffc292455960100d893731d2841962e014,2018-08-06,0xed928a21715121f05b0c2019daaf1596bed0bc94,2018-08-06,0.5,8,False
0x226fb11e9d280e52f3aec8e09a8a158baaccfe61,2018-08-06,0x0fd081e3bb178dc45c0cb23202069dda57064258,2018-08-06,0.991,21,False
0xff707c9d76a1bd45e0b3b13b842f88544d43b967,2018-09-07,0x7df8c007659bc74ca709804c2eb8f16f15e2bc8a,2018-09-07,0.06,25,True
0xc75e503f6d5913c94af3c8597ec22f77a6683dff,2018-08-06,0xf0ad64d07500c87614ca5244a5c41001e0c0caf4,2018-08-06,0.02,7,False
0xd22887396727ea3716d8709c1d353e14a5422f41,2018-11-16,0x1b8120c53be68a0b74d96bb3217e5edc644e06ef,2018-11-16,0.002,6,False
0xe2c75b76f960f90269fb1977b21272471bf9b654,2018-11-30,0x73957709695e73fd175582105c44743cf0fb6f2f,2018-11-30,1.986,14,True
0x35d8942a0a5521c110c42d2303d2065777ad3868,2018-11-04,0x3d1efe9ae3ae05b4fbf37370a74b2c49fad0a65a,2018-11-04,0.007,6,False
0x1386b2f8672730a50a4de875a56382666dc72d3a,2018-08-09,0xecd8b3877d8e7cd0739de18a5b545bc0b3538566,2018-08-09,0.906,13,False
0x014ac7d823baec837a95a597860504900039b3f3,2018-11-16,0x556e4dffb7f90a06a13d2ae3e1b8b513f75ba37e,2018-11-16,0.01,25,True
0x03a1345c0ef375c5b0eceb943e11443a45f5272b,2018-09-21,0xc27272cef05a08abf3ec04e90d9bd8ce0ad0d4ef,2018-09-21,0.00154,5,False
0xb5bb9441695a79f1baf718d9327810ade96bea55,2018-11-05,0xb52894811df075e8c1f4dae5687c4ba1753d92a0,2018-11-05,0.02,25,True
0x1386356a962981460c3be3e34eb235bc26165791,2018-08-07,0x4ce9f39d3a0426d8d1f2ad4fcff0b92e86b9b914,2018-08-07,1.495,17,False
0x15544fd9bd0597e8f8634e270ffdffd36cef168a,2018-11-05,0xb2a48f542dc56b89b24c04076cbe565b3dc58e7b,2018-11-05,0.06459,11,False
0x5ca439a26c0df616dc06fcc7141c755a57b51b8a,2018-08-07,0x629e658aac0579494f3e3b1548cd2c0cf4599ebc,2018-08-07,0.2,9,False
0x55485368d18b49794ad66e207baf5040bcde8fca,2018-08-09,0xcc4d8bd926b8d85fece2cf2a8cf88d45f795502b,2018-08-09,1.0,25,False
0x05cae4cf9e5a2bb2a976b91d1f2bb8640c2c9213,2018-08-08,0xdb38ef20ce7ed9ac0f298ad5156ec6d6f6cc6a35,2018-08-08,0.2,25,True
0xc3873c899d8d6d8698ba43c59fd84d2df79ea620,2018-08-06,0x4ce9f39d3a0426d8d1f2ad4fcff0b92e86b9b914,2018-08-06,0.24,25,False
0x7feecb4bfb2df3f3efddddd4a6bd431040d4b156,2018-08-07,0x9acb282cc8adf1d5459cb6acaa9e67aa8ef9faa7,2018-08-07,0.02,13,False
0x68a6b4b8636751a0cfd2f8abf9aaa6956ed4f6a8,2018-08-07,0xd7a1bb26611eb6421fa581fa5552e046d2825051,2018-08-07,0.02,13,False
0x15bf8a0be7d9300e6eb1b2be96f892223117f863,2018-08-07,0x3d5ca97956ecdb67f9789330db18e7c90f689bf8,2018-08-07,0.1,16,False
0x20c43c53f917761895cbc4f4db5898146f5f947a,2018-08-08,0x25c6459e5c5b01694f6453e8961420ccd1edf3b1,2018-08-08,0.37552,17,False
0x1a25c36a37f34c71caca39b948ba2aa3bce589bb,2018-08-08,0x6cc5f688a315f3dc28a7781717a9a798a59fda7b,2018-08-08,0.43,16,False
0xdea170f61e52fb5ba539ad423493af1d8ba97065,2018-08-09,0xbbba199768f3d19928f634306e706ca719044a0b,2018-08-09,0.38,10,False
0x3c1e7a0b8620a82d4d2287b7a2f17ade19da7647,2018-08-10,0x26508c97dc644da00efb5dfdb8aab4d0a78084f4,2018-08-10,0.038,7,False
0x1b502885109e63b1d9b8b0d95902285e25b7b72d,2018-08-17,0x75a83599de596cbc91a1821ffa618c40e22ac8ca,2018-08-17,1.995,6,False
0x6b1f4bf392d45a309d23bfa2817953a056fd6be5,2018-08-06,0x9f198a28e246b604731b1029f72347dc9fd349e0,2018-08-06,0.13227,17,False
0xb0064c9c5a740931213c3151f5f8223d0ae59099,2018-08-09,0x1d1e10e8c66b67692f4c002c0cb334de5d485e41,2018-08-09,3.39949,9,False
0x580f76bfb384a0ac503271ef4bf7a3bfb23ea0b9,2018-08-09,0x1d1e10e8c66b67692f4c002c0cb334de5d485e41,2018-08-09,0.23253,13,False
0x49f3cd07421ed3273ed307dca56cbecc791db741,2018-08-07,0x4ce9f39d3a0426d8d1f2ad4fcff0b92e86b9b914,2018-08-07,0.21492,24,False
0x138b0d279c82a540fa6e61b42075f99aadd993fe,2018-08-08,0x1d1e10e8c66b67692f4c002c0cb334de5d485e41,2018-08-08,0.25968,17,False
0xb42fa5c743e50c2aa87aea5f97cce67c92b30047,2018-08-09,0x1d1e10e8c66b67692f4c002c0cb334de5d485e41,2018-08-09,0.995,19,False
0x3ba1a940c74409a4f67dec6abb24fa9c559ff87e,2018-08-18,0x56fe30440e7df4f790a49e0dae6e188a72910def,2018-08-18,10.0,18,False
0xb2572090928511f8c6723888bf1208e504f18e53,2018-08-10,0xecd8b3877d8e7cd0739de18a5b545bc0b3538566,2018-08-10,0.495,16,False
0x84917e0e48bd5e3d418e0419b3d6b546f9861202,2018-08-07,0x4ce9f39d3a0426d8d1f2ad4fcff0b92e86b9b914,2018-08-07,0.20785,19,False
0xe433d5598233f7ec0a595395d76121edf59af3e0,2018-08-06,0x1ab8d93779bd6c4bd1cf997ca0a9333f3a9ad155,2018-08-06,0.5,25,False
0xfbaca829813bc219686a5c4adebea49fbf924fa7,2018-08-06,0x9a755332d874c893111207b0b220ce2615cd036f,2018-08-06,0.045,25,False
0xe82285adc36fd5ac0211bf287a95c629e07a95d7,2018-08-08,0x0fd081e3bb178dc45c0cb23202069dda57064258,2018-08-08,0.36993,16,False
0x36cad0d2d08674af863463fe6dca6f0bb009e013,2018-08-10,0x4067d09179676970815a34f9083824a381ced4c4,2018-08-10,4.0,10,False
0x12c115438a10fa906dffbff78670eb1c0ca51858,2018-08-06,0x4ce9f39d3a0426d8d1f2ad4fcff0b92e86b9b914,2018-08-06,0.99535,25,False
0x46666ea4e6b0ebbf1aff979a7e6f086f4c39b682,2018-08-07,0x4ce9f39d3a0426d8d1f2ad4fcff0b92e86b9b914,2018-08-07,0.295,25,False
0xd7628f5f03a28db8f7b83748e4a8707a33ba1445,2018-08-08,0x0fd081e3bb178dc45c0cb23202069dda57064258,2018-08-08,0.36751,17,False
0x2e8e77177f4ea3f503d6f95f02096b1b4fccc2be,2018-08-06,0x4ce9f39d3a0426d8d1f2ad4fcff0b92e86b9b914,2018-08-06,0.35331,6,False
0x70e6645e15c28e142fa73b8580af6ab6d963eeac,2018-11-04,0xb2a48f542dc56b89b24c04076cbe565b3dc58e7b,2018-11-04,0.195,25,True
0xbd6d57b773afbdb823b67b2c9c07e3ea7526a1e4,2018-08-07,0x4ce9f39d3a0426d8d1f2ad4fcff0b92e86b9b914,2018-08-07,0.395,23,False
0x143ed6e54d1a89b12676cca5e703d6852d140952,2018-08-09,0x8314c3f1abd090abbed0fee0b54fccc9dfce9143,2018-08-09,0.028,6,False
0x60e69ba8dd3708e0d13492a3ad53ebf2400077bb,2018-08-06,0x4ce9f39d3a0426d8d1f2ad4fcff0b92e86b9b914,2018-08-06,1.07803,25,False
0x9ad1ef2ef976c62194c2fd47636ba332139433d0,2018-08-06,0x4ce9f39d3a0426d8d1f2ad4fcff0b92e86b9b914,2018-08-06,0.23,21,False
0xec62b3c92624212a19b6fdf669b4a2b331dc8ce7,2018-08-09,0x1d1e10e8c66b67692f4c002c0cb334de5d485e41,2018-08-09,0.49511,8,False
0xd769f9488f3beb67484a03d632f17e2502d40ce3,2018-11-05,0x57a2b1c53d9a3c6bf8501d97af7ce422b94b12d1,2018-11-05,3.56,15,False
0x0c4aabdc5cafa1974538cb1e322ad4481d3b7e1e,2018-08-08,0x3a06bd08ebc119155d136cbc5ce6b0f5ecca7c72,2018-08-08,1.2,20,False
0xdebf124a03e9770cae2da9a89228b79fe0167aa5,2018-08-17,0x75a83599de596cbc91a1821ffa618c40e22ac8ca,2018-08-17,0.495,10,False
0x73554d58dbc70d43b8b6fdd59ccd61dde47bfc73,2018-08-09,0x0d0707963952f2fba59dd06f2b425ace40b492fe,2018-08-09,1.167,25,False
0x92e3c3094af777205ec4e64356783d3b3e4906bf,2018-08-12,0xaf85a3fd476cfdfd7e8f078011dca6de776c4efd,2018-08-12,0.86,9,False
0x8986ca1060a934b635b41572a2150fdce5c23a7b,2018-08-07,0x4ce9f39d3a0426d8d1f2ad4fcff0b92e86b9b914,2018-08-07,0.215,24,False
0xf6410d722a25acc9163da77ef84c5e363e4ef3cb,2018-11-05,0xf22a2afd27e6bfe1cc23986324d454b2b0016b77,2018-11-05,0.01679,6,False
0xcda9af97a19cb8e815cc001d75a2afb3047e5ca5,2018-08-10,0x8a76839210c22096d93948f69c8e1f63f1c84019,2018-08-10,0.5,10,False
0xd92b6f73fe6060922fa56d0d6214a3bf687e0bf4,2018-08-12,0xecd8b3877d8e7cd0739de18a5b545bc0b3538566,2018-08-12,0.495,7,False
0x4309069b6bcbdccb4b9e48c7c3921ca25e913a52,2018-08-11,0xca8eb58cf644eeccd636c44423c0291b72966451,2018-08-11,2.995,12,False
0xb9d780360c3f28c02b4d623ccc8d84727a93aa6d,2018-08-08,0x73957709695e73fd175582105c44743cf0fb6f2f,2018-08-08,0.5,20,False
0x6eab33a2d4b9f3057ee9e8a2fb1b808e74885ce4,2018-08-08,0x1d1e10e8c66b67692f4c002c0cb334de5d485e41,2018-08-08,0.78551,16,False
0xc0ff67e705f55c37122b01d49f5b9b4a3bc5044c,2018-08-07,0x4fcb7ea3bfea4ec7eab638066b4b3742c9a076e9,2018-08-07,0.205,15,False
0xd0476938e7caec9e95ab4a4c778a9e1754ba7b9f,2018-08-11,0x2cde86eb94412ec9524eb6adb07d71c1bf4f6d83,2018-08-11,0.295,18,False
0x4f5f0e37079f124ea62ef05f1deddccb9eeb3b36,2018-08-09,0xecd8b3877d8e7cd0739de18a5b545bc0b3538566,2018-08-09,0.995,11,False
0x6a098cacf47b254f2a2a07a8bdacb01b6271bf77,2018-08-10,0xecd8b3877d8e7cd0739de18a5b545bc0b3538566,2018-08-10,0.79728,9,False
0xd0e65956b8eef3fcccd99d5ba672b2bca71004d1,2018-08-08,0x0d0707963952f2fba59dd06f2b425ace40b492fe,2018-08-08,0.997,7,False
0x52464fbceb22e56628a43073c24cdf3a44421d63,2018-08-07,0x4ce9f39d3a0426d8d1f2ad4fcff0b92e86b9b914,2018-08-07,0.53046,25,True
0x2552f1e2a201cb990b3f986f35f2c9e8971bb4d8,2018-08-07,0x4ce9f39d3a0426d8d1f2ad4fcff0b92e86b9b914,2018-08-07,0.21486,18,False
0xf38a81c316821ea2809586a34b779e6dd7552bd0,2018-08-09,0xd3e1f8c8b1ed2060a2fc440968f5b8b9dedec00b,2018-08-09,0.03,9,False
0x6e3a3290ea5e9e6ea506aacc43eef41969b448be,2018-08-06,0x6cc5f688a315f3dc28a7781717a9a798a59fda7b,2018-08-06,0.99,25,False
0x55fe66ade7c35f9e89006e16a99d81472f0e0a72,2018-08-07,0x73957709695e73fd175582105c44743cf0fb6f2f,2018-08-07,0.02,17,False
0x2950af612deb7e5080ad086ff103d18f533f5c62,2018-08-08,0x25c6459e5c5b01694f6453e8961420ccd1edf3b1,2018-08-08,0.2,14,False
0xe12a8b7582ec2c9d5cfc51657ff23b6f066ef1aa,2018-08-08,0x1d1e10e8c66b67692f4c002c0cb334de5d485e41,2018-08-08,0.305,13,False
0x068c2120547cd6d503d26eb3076bfa9ae0aaa7a7,2018-08-07,0x4ce9f39d3a0426d8d1f2ad4fcff0b92e86b9b914,2018-08-07,0.2056,14,False
0xd3476ee751c5b5093428d6b7dfb435d727051e5a,2018-08-09,0x1d1e10e8c66b67692f4c002c0cb334de5d485e41,2018-08-09,2.2208,14,False
0xdabb51c989fa243831218ed9f7f0ef8c1ed59647,2018-08-09,0x47dc64617b2f99b894c4c157aeb7b8677425c455,2018-08-09,3.0,12,False
0x7651ac0472f59ba0b91c9819add0b4fed410d109,2018-08-06,0x4ce9f39d3a0426d8d1f2ad4fcff0b92e86b9b914,2018-08-06,1.11299,12,False
0x9e37531b4aae1372284b6a3013b527169895909d,2018-08-06,0xeb6d43fe241fb2320b5a3c9be9cdfd4dd8226451,2018-08-06,0.595,15,False
0x5c124625f8b544f35c8a9a9e6d4de79884b97731,2018-08-06,0xeb6d43fe241fb2320b5a3c9be9cdfd4dd8226451,2018-08-06,0.995,25,True
0x6ce07498bbb05eb3b1f2e83c9e3e31bf3d46f84e,2018-08-06,0xeb6d43fe241fb2320b5a3c9be9cdfd4dd8226451,2018-08-06,0.02662,8,False
0x5ab9d269fcf86cce94c0f797a7206ab64cbad13e,2018-08-05,0xeb6d43fe241fb2320b5a3c9be9cdfd4dd8226451,2018-08-05,1.06517,25,True
0xccdb24606b0833b9877a6327aaa1ea3346a2d0dd,2018-08-08,0x0d0707963952f2fba59dd06f2b425ace40b492fe,2018-08-08,0.99579,17,False
0xe28d09917010c7c4fdf193c8c0c4aafbfbdb1dd3,2018-08-07,0x4ce9f39d3a0426d8d1f2ad4fcff0b92e86b9b914,2018-08-07,0.71326,25,False
0x8c59c1c37768578d1fffd63ed893ce22238dc98a,2018-08-16,0xecd8b3877d8e7cd0739de18a5b545bc0b3538566,2018-08-16,0.095,25,True
0x7fa21972a4d2073fd27e1d625dbd3bcf9fdc34c3,2018-08-06,0xc837f51a0efa33f8eca03570e3d01a4b2cf97ffd,2018-08-06,0.4987,11,False
0xd63f69411095d7b8319d00ea4a373fc99677d7a8,2018-08-06,0xeb6d43fe241fb2320b5a3c9be9cdfd4dd8226451,2018-08-06,3.995,25,False
0x21967a1d61eae75d8b7eb681eb29796206867e48,2018-08-07,0x4ce9f39d3a0426d8d1f2ad4fcff0b92e86b9b914,2018-08-07,0.995,22,False
0xe66425233dc1c7029f4f48c5671b6bf9dcb3434b,2018-08-09,0x3ff0269afcb45b6fb3089224353ee6a4d4cb1232,2018-08-09,1.2,8,False
0x1c969121c205dfb2bc47cecae86e17b473cb4169,2018-08-05,0xeb6d43fe241fb2320b5a3c9be9cdfd4dd8226451,2018-08-05,0.495,11,False
0x757e49f29965a440316d843df66dcfef2c5cc50f,2018-08-06,0xeb6d43fe241fb2320b5a3c9be9cdfd4dd8226451,2018-08-06,0.39298,17,False
0xd07b562222d2a87789cc6316fde2228e8d594e52,2018-08-09,0x9e773481a8e2ea9baa06edbca1981ea15e49f093,2018-08-09,1.0,8,False
0xe9d160ed48db8595bf7c2919a890cb73ce813e5b,2018-08-06,0x956e0dbecc0e873d34a5e39b25f364b2ca036730,2018-08-06,0.98302,25,False
0x8039642b57d45cc0abd99a43a87d4e71d209dcd6,2018-08-08,0x76093a97a08c6ed375feee14da35b465f6229cb2,2018-08-08,1.0,19,False
0x16de31fc48ef4c30d18229f518f2e87964ba74ab,2018-08-08,0x1d1e10e8c66b67692f4c002c0cb334de5d485e41,2018-08-08,0.57776,12,False
0xc3dba72fce8a934d35c6af5911bd4cf3ea9953c7,2018-11-05,0xa6835d893ca09c5e53ec67c6f638a0e235bb2560,2018-11-05,0.06,25,True
0xade98efdbefc0a50f8673aee332355c9fe3d81f5,2018-11-06,0x33f28ffb75827678cdd6095f29978cf0858670b8,2018-11-06,0.01,25,True
0x282d75e64ae6c0e4710cf597b914c9db78fec770,2018-08-06,0xeb6d43fe241fb2320b5a3c9be9cdfd4dd8226451,2018-08-06,3.08019,25,False
0x6a0ffe0e13714c02d242696a30ada2674b541ae7,2018-08-07,0xc68ffd089740a74e990d83a772ebd5e32918221f,2018-08-07,0.02,19,False
0x2ec3897eacaf5ca9a3c3ff11d1ac9dcabadf3806,2018-08-12,0xecd8b3877d8e7cd0739de18a5b545bc0b3538566,2018-08-12,0.205,8,False
0xa62eab4076b47eb8036d5daedb9f4b0b77cd243e,2018-11-05,0x5e02262d232fc6a6d22661b84152feb7d2a294f5,2018-11-05,0.02,24,True
0x9279cc2e974b819064ed1d9e27235f290a16f17b,2018-08-08,0x1d1e10e8c66b67692f4c002c0cb334de5d485e41,2018-08-08,0.29527,11,False
0x3f0381dccc4c05469e46329adfc0759607b7ed2d,2018-08-06,0xeb6d43fe241fb2320b5a3c9be9cdfd4dd8226451,2018-08-06,0.095,7,False
0xadb4c78c6a8791ee33d8ff6a48e48f0fb810b23a,2018-11-17,0xeec606a66edb6f497662ea31b5eb1610da87ab5f,2018-11-17,0.195,12,False
0x8a417544ad1cf7f7cea5d2fc292018e53dd17488,2018-08-11,0x6958c3fde1463526b37efde6d36d07bcf2a8d561,2018-08-11,5.0,13,False
0xab6645a6adc2d159839f819e8e5696ca156ebbba,2018-11-04,0x2beb21138760022d76b165ce3d01be4489d67dbc,2018-11-04,0.01,21,True
0x1ee62be630ad550f8207cb11636c5001195d7410,2018-08-06,0xeb6d43fe241fb2320b5a3c9be9cdfd4dd8226451,2018-08-06,0.995,25,False
0x926b7a8087bf6ac0763683cfc8fd4d8d3a2e0220,2018-06-19,0x6ee6c4beb735a1d07d30fb58ca52a07462b2dde6,2018-06-19,0.1,25,False
0x4516f1646b8a72a0d3af31e9505dfcf921b839fe,2018-07-25,0xc837f51a0efa33f8eca03570e3d01a4b2cf97ffd,2018-07-25,0.015,16,False
0x92ade4c3def85b458e83832fd01ed506690dfef7,2018-08-06,0xeb6d43fe241fb2320b5a3c9be9cdfd4dd8226451,2018-08-06,0.09928,25,False
0xb46d07a07fc9c6317140dd43b1ec482d1a9a7b48,2018-08-06,0xff71522254b49f6ef284ce6bd978fe69cec16348,2018-08-06,0.15,25,True
0x2de7f6a0b94e7f933c07fb1abb5df24111e99881,2018-08-06,0xeb6d43fe241fb2320b5a3c9be9cdfd4dd8226451,2018-08-06,0.495,25,True
0x94473eaa6161d32b10dee683bf78b691939feef0,2018-08-08,0xeeb2b8ac1d861df3396fcdff32489685beca7497,2018-08-08,0.022,10,False
0x3b13065419d9d35076ca3140e90a11e71e0fd269,2018-08-10,0x6958c3fde1463526b37efde6d36d07bcf2a8d561,2018-08-10,0.103,25,False
0x20d932eee21da57cd7bb357502690b264c5b13d8,2018-08-06,0xeb6d43fe241fb2320b5a3c9be9cdfd4dd8226451,2018-08-06,1.995,25,False
0x7d7595f360f60ba1ed0b8dedc1704af4f291803f,2018-08-06,0xeb6d43fe241fb2320b5a3c9be9cdfd4dd8226451,2018-08-06,1.995,21,False
0x0771c621ddc841ca10fbf55b581abcc4ef1c0a09,2018-08-08,0x1d1e10e8c66b67692f4c002c0cb334de5d485e41,2018-08-08,0.295,19,False
0x20ecccfdb6747e21d684625b39ea672ba822d70d,2018-08-20,0xee2ce409e9bfcb9101ff8757e7917a333692a80c,2018-08-20,0.3,25,False
0xf2fbb26ee1028b2aa684db21f8d8bbb9000bafe2,2018-08-06,0x6cc5f688a315f3dc28a7781717a9a798a59fda7b,2018-08-06,0.01,25,False
0x2ea2cd5450415cdd0650cd963a5d713b4f63e741,2018-08-09,0x25c6459e5c5b01694f6453e8961420ccd1edf3b1,2018-08-09,0.22301,24,False
0x15d5f2ca0bd1bff82d14817828f55dbf4bd57c7f,2018-08-06,0x73957709695e73fd175582105c44743cf0fb6f2f,2018-08-06,0.09,25,False
0xee53361fb93db76c5a6ad0f88d65364f368edc7f,2018-08-06,0x38d5f35fb46499ed808a9902932405365e4b03f0,2018-08-06,0.031,25,True
0xab23c3094afa331e4cb526bf97706dea6473a899,2018-08-06,0xeb6d43fe241fb2320b5a3c9be9cdfd4dd8226451,2018-08-06,0.495,25,False
0x837b1966953248ffaa91d2df02379c66448e0c5a,2018-11-05,0xd70295df79ce394372f9812d88ac0778a39dd077,2018-11-05,0.5,25,True
0xdf9e9086825ddb5db2f803b22c8da0990f6ad0bd,2018-08-10,0xecd8b3877d8e7cd0739de18a5b545bc0b3538566,2018-08-10,0.995,9,False
0xb656c935f030020695b4e93939cf232ea23256c5,2018-11-05,0x78ed9370e51698e625f76dd84392eabe9fce8b5f,2018-11-05,0.05,6,False
0x13a6b40e1ac80eee643eeb6c55eb88766b095417,2018-08-10,0xecd8b3877d8e7cd0739de18a5b545bc0b3538566,2018-08-10,0.79629,6,False
0x3cb8a2c0836209491c43bb9a1f0153a09bf2e887,2018-08-10,0xecd8b3877d8e7cd0739de18a5b545bc0b3538566,2018-08-10,0.495,6,False
0xe74976e8b5100095b54877baea15681953ef241a,2018-08-05,0x73957709695e73fd175582105c44743cf0fb6f2f,2018-08-05,0.42,16,False
0xb164d532bd829db8252a997b5a7828609b3014d0,2018-08-07,0x4ce9f39d3a0426d8d1f2ad4fcff0b92e86b9b914,2018-08-07,0.34318,11,False
0xa6d90cf8268ad9b09f64c075f948ed022b0a92a6,2018-11-05,0xd70295df79ce394372f9812d88ac0778a39dd077,2018-11-05,0.3,25,True
0x064916b3f88d6bd4ac0b124489807c13ec637193,2018-11-06,0xad3038d81afd333b3784f566aa43b58cca0b3995,2018-11-06,0.05,11,True
0x452eb8a59298a710b4bc479900b6657e11ee4c7d,2018-08-06,0x956e0dbecc0e873d34a5e39b25f364b2ca036730,2018-08-06,0.295,12,False
0x25c4ea0a257299e584d22f7b098592ec2bfab789,2018-08-07,0x73957709695e73fd175582105c44743cf0fb6f2f,2018-08-07,0.03,12,False
0x48f338c49900a126fcf4991f9308f07a4db62acd,2018-08-06,0xeb6d43fe241fb2320b5a3c9be9cdfd4dd8226451,2018-08-06,0.195,25,False
0xcb7c7aaf012c1223eee64de951eaa5ac432e8515,2018-11-04,0xb2a48f542dc56b89b24c04076cbe565b3dc58e7b,2018-11-04,0.33793,25,True
0xda7085e28c2998ae358e96da1a0b6056a09c3515,2018-08-08,0x1d1e10e8c66b67692f4c002c0cb334de5d485e41,2018-08-08,0.38887,20,False
0x0056d2a65795020ca8731614806d35b429696320,2018-08-08,0x1d1e10e8c66b67692f4c002c0cb334de5d485e41,2018-08-08,1.03514,14,False
0x0b4cebfb9807f81a741184b224221c26b7b09831,2018-08-13,0xecd8b3877d8e7cd0739de18a5b545bc0b3538566,2018-08-13,0.255,25,True
0xaded88ac3ec2f52b1a2c88c214bf8812b6fc225a,2018-08-06,0xeb6d43fe241fb2320b5a3c9be9cdfd4dd8226451,2018-08-06,0.98507,25,True
0x3e00ccb8363f6b5bf0c7cdb60bbd3a2b74af2541,2018-08-06,0xeb6d43fe241fb2320b5a3c9be9cdfd4dd8226451,2018-08-06,0.995,25,True
0x9e925049611fbd7944716b742047789b98fbc85d,2018-08-06,0xeb6d43fe241fb2320b5a3c9be9cdfd4dd8226451,2018-08-06,0.495,25,False
0x503ee6bee94bc4e69740c08b20d3eee590664ac9,2018-09-07,0x3ba8e2a7ed8f79adc8e7968f114689e6b45dd699,2018-09-07,0.0743,25,True
0xb7ea0443cb7713c0fa5587c50cd85f1675ba833b,2018-11-05,0x711c41a1c7dce993517233b380c827f148d059a6,2018-11-05,0.1,16,False
0xac317c37dcce05ee4ecc5b87c7e2e8256910c123,2018-08-06,0x4ce9f39d3a0426d8d1f2ad4fcff0b92e86b9b914,2018-08-06,0.295,25,False
0xb2cfc99f0f602969145c9ee538c9856a7b30c307,2018-08-06,0x4ce9f39d3a0426d8d1f2ad4fcff0b92e86b9b914,2018-08-06,0.095,18,False
0xd9bae19e850b32acc9951be4b7eb12ec24b8c49c,2018-08-06,0xeb6d43fe241fb2320b5a3c9be9cdfd4dd8226451,2018-08-06,0.0652,25,False
0x05c2c8bfdf60542d584f945d6a6aa41c3c088582,2018-08-06,0xeb6d43fe241fb2320b5a3c9be9cdfd4dd8226451,2018-08-06,0.17084,25,True
0xdbc1515bba33ff6e0d26631eb53918dcca5ba10a,2018-08-06,0x4ce9f39d3a0426d8d1f2ad4fcff0b92e86b9b914,2018-08-06,0.995,25,True
0x388cc2a56b9de3261fccd3a24cdab8bbaac6cdd3,2018-08-08,0x25c6459e5c5b01694f6453e8961420ccd1edf3b1,2018-08-08,0.995,18,False
0x5f3eadcce5195bfc412c789cb55d192c5ba1ad62,2018-08-08,0x89bc1253321733e832252e9fada4a1ef93f1f10f,2018-08-08,0.1891,25,True
0xcc94e85f630a2311486b6c7097dd365a03a4f5d4,2018-08-06,0x7d56f23df591374a446e84b3bc886b6e879aaed7,2018-08-06,0.1,25,False
0xad9066e4698f106765e17cd30b1b2a2f18a81748,2018-08-05,0xeb6d43fe241fb2320b5a3c9be9cdfd4dd8226451,2018-08-05,1.195,25,False
0x21bca9d2552b3b45b49e587be16a70532d6c2565,2018-08-06,0xeb6d43fe241fb2320b5a3c9be9cdfd4dd8226451,2018-08-06,0.495,25,True
0x5b0f067f17f3b764c34e8718725f19e6327cf42a,2018-11-05,0x8f6d2f421865769e3631d3f8048d280d5c9b711c,2018-11-05,0.02,25,True
0xef6c9f848998e4a0980a8ccda5012082d699152f,2018-08-07,0x25c6459e5c5b01694f6453e8961420ccd1edf3b1,2018-08-07,0.22066,25,True
0x2b0cc30e2fa08c239e2181a250c153fb6054975f,2018-08-07,0x4ce9f39d3a0426d8d1f2ad4fcff0b92e86b9b914,2018-08-07,0.205,25,True
0x8cffa6a729c00b9f25f8e88354f4656e75029007,2018-08-08,0x73957709695e73fd175582105c44743cf0fb6f2f,2018-08-08,0.14369,12,False
0x231572157fe0b6e8ed200497b41505b3204f8526,2018-08-09,0x1d1e10e8c66b67692f4c002c0cb334de5d485e41,2018-08-09,0.3942,11,False
0x89629b5a738cc96000364876460cbab39d23681b,2018-08-06,0xeb6d43fe241fb2320b5a3c9be9cdfd4dd8226451,2018-08-06,0.995,25,True
0x6eca9cca0ab2173edbb88bacecf32cb531a5fe01,2018-08-06,0x4ce9f39d3a0426d8d1f2ad4fcff0b92e86b9b914,2018-08-06,0.495,25,False
0x7158f66a988a1c4deaf42afba0a28657a390b537,2018-08-09,0xecd8b3877d8e7cd0739de18a5b545bc0b3538566,2018-08-09,0.233,25,True
0x74fa35bd66329e6f4bbb276188848883844ecca3,2018-11-05,0xb2a48f542dc56b89b24c04076cbe565b3dc58e7b,2018-11-05,0.065,25,True
0x9054f2beb69350941ccd3fd1e37c54806c8e200b,2018-08-11,0xecd8b3877d8e7cd0739de18a5b545bc0b3538566,2018-08-11,0.295,9,False
0x2fcc4f3b3a46ac85e7390d9a7756a0a4e31cabec,2018-11-04,0x6336db39754339228404ddc3a0724138cba7f4fb,2018-11-04,0.09,25,True
0x7a9400a6aaf86c768eb7cab01d0bff24338b949c,2018-08-06,0xeb6d43fe241fb2320b5a3c9be9cdfd4dd8226451,2018-08-06,0.03,24,False
0x1c3429d02852d2f34354a116482c230b9984b9f4,2018-08-05,0xeb6d43fe241fb2320b5a3c9be9cdfd4dd8226451,2018-08-05,1.75931,25,True
0xf4224c77a0cbf0549b3c1e466dd0b1016b4859ad,2018-08-07,0x25c6459e5c5b01694f6453e8961420ccd1edf3b1,2018-08-07,0.495,25,False
0xe81e10c775f9a1e56737f5e691af66d493d77a82,2018-08-06,0xeb6d43fe241fb2320b5a3c9be9cdfd4dd8226451,2018-08-06,0.995,25,True
0x9c4a38293078a44d8ded0618e7a193d692639e76,2018-08-06,0xeb6d43fe241fb2320b5a3c9be9cdfd4dd8226451,2018-08-06,0.09975,25,False
0xc5b57519fa9f4cb96ce43d8bb8db2a268fa618d6,2018-08-13,0xd10e08325c0e95d59c607a693483680fe5b755b3,2018-08-13,0.08331,16,False
0x25097d7166070ed5a2e07598cf5eb5ec9c0704cf,2018-08-07,0x4ce9f39d3a0426d8d1f2ad4fcff0b92e86b9b914,2018-08-07,0.245,11,False
0xdf2d0f121a67edcda3e932a5340c5ae3b21eac25,2018-08-09,0xecd8b3877d8e7cd0739de18a5b545bc0b3538566,2018-08-09,1.0084,14,False
0x07a3eb59b0805dbc22a78c842998eaaed14dae79,2018-08-06,0xd633a3db4b4ceb445b7026e740eb50d4ed9964e9,2018-08-06,0.12,25,True
0x51df002db7cec8b9a647df175d0b6f2a3cedb2de,2018-08-07,0x9a8c8f2686ad4383dd14bf7ef4bfcb0378d9fc3a,2018-08-07,0.1,25,True
0xbac4731f450e0aef1e2bedf349fc20356633ddb3,2018-08-07,0x4ce9f39d3a0426d8d1f2ad4fcff0b92e86b9b914,2018-08-07,0.495,14,False
0xaea24f3f190f8b8f9200a9e428bd2e6184ec7192,2018-07-19,0x968a1a49239900c3f01efd6b00fec6c123702f2d,2018-07-19,0.0005,25,True
0xdaaaefa9098e79d065022ba15611480914d3f706,2018-11-05,0x5e02262d232fc6a6d22661b84152feb7d2a294f5,2018-11-05,0.02,25,True
0x8abd46684bbb937b52037752b6fbb234aa03280b,2018-08-06,0xeb6d43fe241fb2320b5a3c9be9cdfd4dd8226451,2018-08-06,0.995,25,True
0xfaa20db4b0b747ace46c04f77a8f75b32e1c8bea,2018-08-06,0xeb6d43fe241fb2320b5a3c9be9cdfd4dd8226451,2018-08-06,0.195,25,False
0x7deafd1f7e2248db8ed5f0e1a94594bf902f541e,2018-08-08,0x049eb0385aeb67119ced14f7c862bc98108e1fc2,2018-08-08,1.0,21,False
